name,category
cat_Ragdoll_36.jpg,0
cat_Bengal_5.jpg,0
cat_Abyssinian_33.jpg,0
cat_Bengal_124.jpg,0
cat_Bengal_136.jpg,0
cat_Siamese_35.jpg,0
cat_British_Shorthair_128.jpg,0
cat_Persian_200.jpg,0
cat_Sphynx_185.jpg,0
cat_Maine_Coon_131.jpg,0
cat_Sphynx_175.jpg,0
cat_Maine_Coon_160.jpg,0
cat_Sphynx_102.jpg,0
cat_Abyssinian_91.jpg,0
cat_Sphynx_31.jpg,0
cat_Maine_Coon_89.jpg,0
cat_Persian_29.jpg,0
cat_Bombay_179.jpg,0
cat_Egyptian_Mau_176.jpg,0
cat_Ragdoll_78.jpg,0
cat_Ragdoll_171.jpg,0
cat_Birman_37.jpg,0
cat_Bombay_193.jpg,0
cat_Birman_123.jpg,0
cat_British_Shorthair_49.jpg,0
cat_Bombay_152.jpg,0
cat_Maine_Coon_143.jpg,0
cat_Ragdoll_105.jpg,0
cat_Siamese_103.jpg,0
cat_British_Shorthair_181.jpg,0
cat_Bengal_142.jpg,0
cat_British_Shorthair_108.jpg,0
cat_Russian_Blue_208.jpg,0
cat_Birman_159.jpg,0
cat_Bombay_166.jpg,0
cat_Russian_Blue_177.jpg,0
cat_Sphynx_53.jpg,0
cat_Abyssinian_141.jpg,0
cat_Birman_28.jpg,0
cat_Ragdoll_174.jpg,0
cat_Russian_Blue_49.jpg,0
cat_Sphynx_34.jpg,0
cat_Persian_272.jpg,0
cat_Egyptian_Mau_209.jpg,0
cat_Siamese_73.jpg,0
cat_Birman_158.jpg,0
cat_Maine_Coon_254.jpg,0
cat_Maine_Coon_270.jpg,0
cat_Abyssinian_151.jpg,0
cat_Egyptian_Mau_160.jpg,0
cat_Maine_Coon_201.jpg,0
cat_Maine_Coon_133.jpg,0
cat_Birman_49.jpg,0
cat_Bengal_30.jpg,0
cat_Maine_Coon_137.jpg,0
cat_British_Shorthair_36.jpg,0
cat_Egyptian_Mau_117.jpg,0
cat_Siamese_46.jpg,0
cat_Russian_Blue_142.jpg,0
cat_Maine_Coon_108.jpg,0
cat_Birman_122.jpg,0
cat_Maine_Coon_103.jpg,0
cat_Persian_87.jpg,0
cat_Bombay_24.jpg,0
cat_Abyssinian_210.jpg,0
cat_Egyptian_Mau_46.jpg,0
cat_Persian_269.jpg,0
cat_Abyssinian_178.jpg,0
cat_Maine_Coon_33.jpg,0
cat_Maine_Coon_5.jpg,0
cat_Bengal_128.jpg,0
cat_Birman_143.jpg,0
cat_Persian_120.jpg,0
cat_Bengal_110.jpg,0
cat_Persian_64.jpg,0
cat_Ragdoll_191.jpg,0
cat_Bengal_93.jpg,0
cat_Bombay_68.jpg,0
cat_Ragdoll_210.jpg,0
cat_British_Shorthair_196.jpg,0
cat_Bombay_111.jpg,0
cat_Abyssinian_58.jpg,0
cat_British_Shorthair_136.jpg,0
cat_Egyptian_Mau_99.jpg,0
cat_Egyptian_Mau_106.jpg,0
cat_Sphynx_230.jpg,0
cat_British_Shorthair_199.jpg,0
cat_Russian_Blue_160.jpg,0
cat_Maine_Coon_27.jpg,0
cat_Siamese_5.jpg,0
cat_Russian_Blue_94.jpg,0
cat_Abyssinian_132.jpg,0
cat_Persian_45.jpg,0
cat_British_Shorthair_41.jpg,0
cat_Sphynx_158.jpg,0
cat_Birman_179.jpg,0
cat_Egyptian_Mau_67.jpg,0
cat_Maine_Coon_49.jpg,0
cat_Abyssinian_174.jpg,0
cat_Bombay_105.jpg,0
cat_Bombay_65.jpg,0
cat_Bengal_113.jpg,0
cat_British_Shorthair_166.jpg,0
cat_Egyptian_Mau_181.jpg,0
cat_Maine_Coon_154.jpg,0
cat_British_Shorthair_33.jpg,0
cat_British_Shorthair_172.jpg,0
cat_Bombay_125.jpg,0
cat_Siamese_140.jpg,0
cat_Persian_7.jpg,0
cat_Maine_Coon_112.jpg,0
cat_Egyptian_Mau_182.jpg,0
cat_Egyptian_Mau_132.jpg,0
cat_Russian_Blue_119.jpg,0
cat_Siamese_57.jpg,0
cat_British_Shorthair_67.jpg,0
cat_Siamese_120.jpg,0
cat_Abyssinian_204.jpg,0
cat_Maine_Coon_272.jpg,0
cat_Sphynx_169.jpg,0
cat_Siamese_14.jpg,0
cat_Birman_116.jpg,0
cat_Bengal_143.jpg,0
cat_Abyssinian_51.jpg,0
cat_Abyssinian_100.jpg,0
cat_Bengal_106.jpg,0
cat_Egyptian_Mau_82.jpg,0
cat_Egyptian_Mau_54.jpg,0
cat_Bombay_55.jpg,0
cat_Maine_Coon_48.jpg,0
cat_Bombay_144.jpg,0
cat_Birman_26.jpg,0
cat_Bombay_175.jpg,0
cat_Bengal_31.jpg,0
cat_Persian_104.jpg,0
cat_Bombay_182.jpg,0
cat_Russian_Blue_55.jpg,0
cat_Bengal_139.jpg,0
cat_Siamese_42.jpg,0
cat_Maine_Coon_168.jpg,0
cat_Abyssinian_133.jpg,0
cat_Maine_Coon_50.jpg,0
cat_Abyssinian_85.jpg,0
cat_Sphynx_197.jpg,0
cat_Persian_125.jpg,0
cat_Bengal_195.jpg,0
cat_Persian_98.jpg,0
cat_Sphynx_65.jpg,0
cat_British_Shorthair_21.jpg,0
cat_Birman_110.jpg,0
cat_Siamese_9.jpg,0
cat_Russian_Blue_182.jpg,0
cat_Birman_129.jpg,0
cat_Bengal_149.jpg,0
cat_British_Shorthair_148.jpg,0
cat_Egyptian_Mau_87.jpg,0
cat_Persian_193.jpg,0
cat_Persian_160.jpg,0
cat_Birman_54.jpg,0
cat_British_Shorthair_193.jpg,0
cat_Bengal_63.jpg,0
cat_Bengal_26.jpg,0
cat_Maine_Coon_176.jpg,0
cat_Sphynx_145.jpg,0
cat_Abyssinian_216.jpg,0
cat_Bengal_190.jpg,0
cat_Ragdoll_106.jpg,0
cat_Ragdoll_1.jpg,0
cat_Egyptian_Mau_108.jpg,0
cat_Persian_221.jpg,0
cat_Bombay_42.jpg,0
cat_Abyssinian_190.jpg,0
cat_Birman_45.jpg,0
cat_Maine_Coon_107.jpg,0
cat_Ragdoll_156.jpg,0
cat_Ragdoll_45.jpg,0
cat_Bengal_169.jpg,0
cat_Siamese_157.jpg,0
cat_Sphynx_20.jpg,0
cat_British_Shorthair_165.jpg,0
cat_Russian_Blue_79.jpg,0
cat_Egyptian_Mau_120.jpg,0
cat_Bengal_175.jpg,0
cat_Birman_73.jpg,0
cat_Persian_184.jpg,0
cat_Bombay_174.jpg,0
cat_Siamese_100.jpg,0
cat_Bengal_119.jpg,0
cat_Siamese_39.jpg,0
cat_Sphynx_90.jpg,0
cat_Abyssinian_175.jpg,0
cat_Siamese_222.jpg,0
cat_Egyptian_Mau_98.jpg,0
cat_Bombay_184.jpg,0
cat_Russian_Blue_236.jpg,0
cat_Siamese_85.jpg,0
cat_Birman_187.jpg,0
cat_Bombay_135.jpg,0
cat_Ragdoll_37.jpg,0
cat_Birman_29.jpg,0
cat_British_Shorthair_248.jpg,0
cat_Birman_15.jpg,0
cat_Russian_Blue_125.jpg,0
cat_Persian_145.jpg,0
cat_Bengal_101.jpg,0
cat_Persian_152.jpg,0
cat_Birman_7.jpg,0
cat_Bombay_171.jpg,0
cat_Abyssinian_50.jpg,0
cat_Sphynx_151.jpg,0
cat_Russian_Blue_27.jpg,0
cat_Abyssinian_66.jpg,0
cat_Sphynx_186.jpg,0
cat_Abyssinian_20.jpg,0
cat_Abyssinian_124.jpg,0
cat_Bombay_49.jpg,0
cat_Bengal_196.jpg,0
cat_British_Shorthair_86.jpg,0
cat_Sphynx_96.jpg,0
cat_Siamese_92.jpg,0
cat_Russian_Blue_216.jpg,0
cat_Bombay_46.jpg,0
cat_Persian_128.jpg,0
cat_Bombay_128.jpg,0
cat_Siamese_28.jpg,0
cat_British_Shorthair_163.jpg,0
cat_Sphynx_21.jpg,0
cat_Russian_Blue_98.jpg,0
cat_Ragdoll_201.jpg,0
cat_British_Shorthair_46.jpg,0
cat_Ragdoll_25.jpg,0
cat_Sphynx_180.jpg,0
cat_Egyptian_Mau_26.jpg,0
cat_Bombay_26.jpg,0
cat_Abyssinian_117.jpg,0
cat_Persian_53.jpg,0
cat_Abyssinian_10.jpg,0
cat_Siamese_180.jpg,0
cat_Bombay_178.jpg,0
cat_Persian_168.jpg,0
cat_Bengal_184.jpg,0
cat_Maine_Coon_56.jpg,0
cat_Birman_192.jpg,0
cat_Russian_Blue_150.jpg,0
cat_Maine_Coon_140.jpg,0
cat_Bengal_15.jpg,0
cat_Russian_Blue_187.jpg,0
cat_Sphynx_122.jpg,0
cat_Siamese_135.jpg,0
cat_Sphynx_136.jpg,0
cat_Maine_Coon_146.jpg,0
cat_Sphynx_83.jpg,0
cat_Persian_58.jpg,0
cat_Siamese_254.jpg,0
cat_Russian_Blue_123.jpg,0
cat_British_Shorthair_93.jpg,0
cat_Siamese_205.jpg,0
cat_Abyssinian_173.jpg,0
cat_Egyptian_Mau_2.jpg,0
cat_Maine_Coon_37.jpg,0
cat_Birman_95.jpg,0
cat_Bombay_121.jpg,0
cat_British_Shorthair_278.jpg,0
cat_Siamese_63.jpg,0
cat_Maine_Coon_167.jpg,0
cat_Bombay_161.jpg,0
cat_Siamese_247.jpg,0
cat_Persian_70.jpg,0
cat_Bengal_70.jpg,0
cat_Sphynx_73.jpg,0
cat_Maine_Coon_134.jpg,0
cat_Bengal_17.jpg,0
cat_Ragdoll_96.jpg,0
cat_Egyptian_Mau_41.jpg,0
cat_Bombay_129.jpg,0
cat_Abyssinian_44.jpg,0
cat_Egyptian_Mau_19.jpg,0
cat_Bengal_1.jpg,0
cat_Russian_Blue_20.jpg,0
cat_British_Shorthair_10.jpg,0
cat_Bombay_34.jpg,0
cat_Bengal_65.jpg,0
cat_Maine_Coon_210.jpg,0
cat_Sphynx_249.jpg,0
cat_Sphynx_203.jpg,0
cat_Bengal_61.jpg,0
cat_British_Shorthair_96.jpg,0
cat_Bengal_47.jpg,0
cat_Bengal_137.jpg,0
cat_Abyssinian_97.jpg,0
cat_Egyptian_Mau_77.jpg,0
cat_Sphynx_188.jpg,0
cat_Ragdoll_159.jpg,0
cat_Bengal_57.jpg,0
cat_Siamese_64.jpg,0
cat_Bombay_139.jpg,0
cat_Ragdoll_150.jpg,0
cat_British_Shorthair_204.jpg,0
cat_Sphynx_178.jpg,0
cat_Egyptian_Mau_114.jpg,0
cat_Abyssinian_158.jpg,0
cat_Maine_Coon_271.jpg,0
cat_Persian_186.jpg,0
cat_Persian_172.jpg,0
cat_Bombay_57.jpg,0
cat_Sphynx_124.jpg,0
cat_Bengal_8.jpg,0
cat_Siamese_139.jpg,0
cat_Birman_200.jpg,0
cat_Persian_37.jpg,0
cat_Egyptian_Mau_136.jpg,0
cat_Egyptian_Mau_91.jpg,0
cat_Bengal_37.jpg,0
cat_Birman_67.jpg,0
cat_Abyssinian_9.jpg,0
cat_Siamese_137.jpg,0
cat_Persian_150.jpg,0
cat_Abyssinian_54.jpg,0
cat_Egyptian_Mau_4.jpg,0
cat_Sphynx_27.jpg,0
cat_Abyssinian_206.jpg,0
cat_Abyssinian_123.jpg,0
cat_British_Shorthair_274.jpg,0
cat_Ragdoll_4.jpg,0
cat_Bombay_180.jpg,0
cat_Russian_Blue_78.jpg,0
cat_Abyssinian_65.jpg,0
cat_Abyssinian_73.jpg,0
cat_Russian_Blue_96.jpg,0
cat_Bengal_87.jpg,0
cat_Bombay_127.jpg,0
cat_Bengal_132.jpg,0
cat_Sphynx_238.jpg,0
cat_Sphynx_66.jpg,0
cat_Siamese_189.jpg,0
cat_Sphynx_160.jpg,0
cat_Bombay_60.jpg,0
cat_British_Shorthair_28.jpg,0
cat_Persian_108.jpg,0
cat_Bengal_182.jpg,0
cat_Egyptian_Mau_14.jpg,0
cat_Birman_141.jpg,0
cat_Birman_162.jpg,0
cat_British_Shorthair_102.jpg,0
cat_British_Shorthair_45.jpg,0
cat_Persian_256.jpg,0
cat_Russian_Blue_201.jpg,0
cat_Egyptian_Mau_71.jpg,0
cat_Egyptian_Mau_183.jpg,0
cat_Maine_Coon_53.jpg,0
cat_Persian_183.jpg,0
cat_Abyssinian_101.jpg,0
cat_Russian_Blue_64.jpg,0
cat_British_Shorthair_201.jpg,0
cat_Birman_59.jpg,0
cat_British_Shorthair_70.jpg,0
cat_Bengal_55.jpg,0
cat_British_Shorthair_207.jpg,0
cat_Siamese_44.jpg,0
cat_Russian_Blue_114.jpg,0
cat_Bengal_131.jpg,0
cat_Bombay_87.jpg,0
cat_Ragdoll_147.jpg,0
cat_Ragdoll_154.jpg,0
cat_Maine_Coon_85.jpg,0
cat_Bengal_75.jpg,0
cat_Maine_Coon_14.jpg,0
cat_Sphynx_75.jpg,0
cat_Maine_Coon_207.jpg,0
cat_Sphynx_19.jpg,0
cat_Bombay_20.jpg,0
cat_British_Shorthair_52.jpg,0
cat_British_Shorthair_167.jpg,0
cat_Sphynx_194.jpg,0
cat_British_Shorthair_266.jpg,0
cat_Russian_Blue_51.jpg,0
cat_Birman_127.jpg,0
cat_Siamese_187.jpg,0
cat_Bengal_22.jpg,0
cat_Bombay_185.jpg,0
cat_Persian_77.jpg,0
cat_Bombay_77.jpg,0
cat_Siamese_141.jpg,0
cat_Bengal_121.jpg,0
cat_British_Shorthair_198.jpg,0
cat_Bombay_12.jpg,0
cat_Abyssinian_45.jpg,0
cat_Bengal_59.jpg,0
cat_Ragdoll_90.jpg,0
cat_Egyptian_Mau_74.jpg,0
cat_Russian_Blue_1.jpg,0
cat_Sphynx_242.jpg,0
cat_Siamese_74.jpg,0
cat_Egyptian_Mau_163.jpg,0
cat_Sphynx_70.jpg,0
cat_Bombay_47.jpg,0
cat_Egyptian_Mau_13.jpg,0
cat_Birman_173.jpg,0
cat_Bengal_158.jpg,0
cat_Persian_4.jpg,0
cat_Persian_170.jpg,0
cat_Abyssinian_122.jpg,0
cat_Egyptian_Mau_39.jpg,0
cat_Birman_56.jpg,0
cat_Abyssinian_168.jpg,0
cat_Egyptian_Mau_53.jpg,0
cat_Russian_Blue_149.jpg,0
cat_Abyssinian_137.jpg,0
cat_Sphynx_130.jpg,0
cat_Birman_166.jpg,0
cat_British_Shorthair_2.jpg,0
cat_British_Shorthair_180.jpg,0
cat_Maine_Coon_67.jpg,0
cat_Bombay_56.jpg,0
cat_Persian_39.jpg,0
cat_Sphynx_232.jpg,0
cat_Persian_266.jpg,0
cat_Siamese_113.jpg,0
cat_Siamese_179.jpg,0
cat_Egyptian_Mau_178.jpg,0
cat_Birman_30.jpg,0
cat_Russian_Blue_73.jpg,0
cat_Abyssinian_62.jpg,0
cat_Russian_Blue_132.jpg,0
cat_Russian_Blue_192.jpg,0
cat_Bombay_86.jpg,0
cat_Egyptian_Mau_10.jpg,0
cat_Egyptian_Mau_89.jpg,0
cat_Ragdoll_117.jpg,0
cat_Sphynx_148.jpg,0
cat_Maine_Coon_227.jpg,0
cat_Persian_131.jpg,0
cat_Ragdoll_58.jpg,0
cat_Persian_84.jpg,0
cat_Abyssinian_17.jpg,0
cat_Abyssinian_18.jpg,0
cat_Sphynx_76.jpg,0
cat_Russian_Blue_76.jpg,0
cat_Egyptian_Mau_75.jpg,0
cat_Bengal_52.jpg,0
cat_Bengal_10.jpg,0
cat_Sphynx_103.jpg,0
cat_Egyptian_Mau_141.jpg,0
cat_Bombay_6.jpg,0
cat_British_Shorthair_112.jpg,0
cat_Birman_111.jpg,0
cat_Birman_10.jpg,0
cat_Egyptian_Mau_110.jpg,0
cat_Birman_190.jpg,0
cat_Maine_Coon_78.jpg,0
cat_Bengal_193.jpg,0
cat_Siamese_24.jpg,0
cat_Egyptian_Mau_118.jpg,0
cat_Siamese_22.jpg,0
cat_Sphynx_14.jpg,0
cat_Sphynx_250.jpg,0
cat_Egyptian_Mau_27.jpg,0
cat_British_Shorthair_177.jpg,0
cat_Abyssinian_136.jpg,0
cat_Sphynx_133.jpg,0
cat_Bengal_152.jpg,0
cat_Sphynx_55.jpg,0
cat_Egyptian_Mau_172.jpg,0
cat_Maine_Coon_52.jpg,0
cat_Russian_Blue_74.jpg,0
cat_Russian_Blue_178.jpg,0
cat_Maine_Coon_7.jpg,0
cat_British_Shorthair_223.jpg,0
cat_Persian_261.jpg,0
cat_Birman_85.jpg,0
cat_Bengal_36.jpg,0
cat_Abyssinian_106.jpg,0
cat_Abyssinian_22.jpg,0
cat_Birman_136.jpg,0
cat_Birman_170.jpg,0
cat_Abyssinian_116.jpg,0
cat_Russian_Blue_86.jpg,0
cat_Persian_42.jpg,0
cat_Russian_Blue_43.jpg,0
cat_Egyptian_Mau_188.jpg,0
cat_Russian_Blue_40.jpg,0
cat_Bengal_176.jpg,0
cat_Russian_Blue_143.jpg,0
cat_Russian_Blue_215.jpg,0
cat_Abyssinian_223.jpg,0
cat_Sphynx_116.jpg,0
cat_Egyptian_Mau_171.jpg,0
cat_Birman_55.jpg,0
cat_Maine_Coon_110.jpg,0
cat_Bengal_180.jpg,0
cat_Birman_1.jpg,0
cat_Bombay_146.jpg,0
cat_Sphynx_88.jpg,0
cat_Bombay_76.jpg,0
cat_Russian_Blue_116.jpg,0
cat_British_Shorthair_54.jpg,0
cat_Ragdoll_20.jpg,0
cat_Bengal_2.jpg,0
cat_Bengal_134.jpg,0
cat_Maine_Coon_231.jpg,0
cat_Sphynx_58.jpg,0
cat_Bengal_3.jpg,0
cat_Abyssinian_149.jpg,0
cat_Russian_Blue_59.jpg,0
cat_Sphynx_33.jpg,0
cat_Russian_Blue_205.jpg,0
cat_Russian_Blue_206.jpg,0
cat_Ragdoll_16.jpg,0
cat_Sphynx_127.jpg,0
cat_Russian_Blue_130.jpg,0
cat_Russian_Blue_136.jpg,0
cat_Bengal_129.jpg,0
cat_Siamese_129.jpg,0
cat_Russian_Blue_162.jpg,0
cat_Sphynx_141.jpg,0
cat_British_Shorthair_3.jpg,0
cat_Ragdoll_41.jpg,0
cat_Bombay_156.jpg,0
cat_Bengal_116.jpg,0
cat_Persian_118.jpg,0
cat_Bengal_11.jpg,0
cat_Egyptian_Mau_199.jpg,0
cat_Siamese_43.jpg,0
cat_Maine_Coon_87.jpg,0
cat_Sphynx_150.jpg,0
cat_British_Shorthair_65.jpg,0
cat_Maine_Coon_142.jpg,0
cat_Russian_Blue_99.jpg,0
cat_Sphynx_99.jpg,0
cat_Siamese_90.jpg,0
cat_Bombay_148.jpg,0
cat_Persian_68.jpg,0
cat_Russian_Blue_88.jpg,0
cat_Birman_161.jpg,0
cat_Russian_Blue_237.jpg,0
cat_Egyptian_Mau_45.jpg,0
cat_British_Shorthair_200.jpg,0
cat_Egyptian_Mau_29.jpg,0
cat_Persian_117.jpg,0
cat_Ragdoll_98.jpg,0
cat_Egyptian_Mau_83.jpg,0
cat_British_Shorthair_155.jpg,0
cat_British_Shorthair_129.jpg,0
cat_Abyssinian_153.jpg,0
cat_Siamese_91.jpg,0
cat_Persian_95.jpg,0
cat_Russian_Blue_158.jpg,0
cat_Siamese_106.jpg,0
cat_Abyssinian_217.jpg,0
cat_Egyptian_Mau_222.jpg,0
cat_Bengal_16.jpg,0
cat_Siamese_158.jpg,0
cat_Abyssinian_182.jpg,0
cat_Birman_2.jpg,0
cat_Maine_Coon_82.jpg,0
cat_Maine_Coon_123.jpg,0
cat_Ragdoll_103.jpg,0
cat_Maine_Coon_136.jpg,0
cat_Egyptian_Mau_107.jpg,0
cat_British_Shorthair_178.jpg,0
cat_Egyptian_Mau_122.jpg,0
cat_Russian_Blue_70.jpg,0
cat_British_Shorthair_71.jpg,0
cat_Egyptian_Mau_143.jpg,0
cat_Siamese_114.jpg,0
cat_Russian_Blue_16.jpg,0
cat_Siamese_201.jpg,0
cat_Egyptian_Mau_40.jpg,0
cat_Abyssinian_150.jpg,0
cat_Maine_Coon_206.jpg,0
cat_Birman_172.jpg,0
cat_Abyssinian_232.jpg,0
cat_Bengal_198.jpg,0
cat_Sphynx_95.jpg,0
cat_Birman_41.jpg,0
cat_Abyssinian_26.jpg,0
cat_Russian_Blue_181.jpg,0
cat_Egyptian_Mau_60.jpg,0
cat_Russian_Blue_239.jpg,0
cat_Russian_Blue_77.jpg,0
cat_Russian_Blue_191.jpg,0
cat_Maine_Coon_58.jpg,0
cat_Sphynx_67.jpg,0
cat_Abyssinian_108.jpg,0
cat_British_Shorthair_126.jpg,0
cat_Abyssinian_19.jpg,0
cat_Siamese_237.jpg,0
cat_British_Shorthair_144.jpg,0
cat_Egyptian_Mau_15.jpg,0
cat_Bengal_103.jpg,0
cat_Birman_88.jpg,0
cat_Abyssinian_43.jpg,0
cat_Siamese_34.jpg,0
cat_Abyssinian_76.jpg,0
cat_Abyssinian_63.jpg,0
cat_Siamese_175.jpg,0
cat_Birman_87.jpg,0
cat_Russian_Blue_226.jpg,0
cat_Sphynx_222.jpg,0
cat_Siamese_169.jpg,0
cat_Abyssinian_193.jpg,0
cat_British_Shorthair_197.jpg,0
cat_Persian_61.jpg,0
cat_Bengal_141.jpg,0
cat_British_Shorthair_50.jpg,0
cat_Siamese_147.jpg,0
cat_Maine_Coon_91.jpg,0
cat_Siamese_162.jpg,0
cat_Siamese_67.jpg,0
cat_Egyptian_Mau_103.jpg,0
cat_Persian_55.jpg,0
cat_Persian_182.jpg,0
cat_Ragdoll_31.jpg,0
cat_Birman_188.jpg,0
cat_Bengal_78.jpg,0
cat_Egyptian_Mau_49.jpg,0
cat_Birman_115.jpg,0
cat_British_Shorthair_47.jpg,0
cat_Abyssinian_131.jpg,0
cat_Abyssinian_185.jpg,0
cat_Bengal_90.jpg,0
cat_Birman_112.jpg,0
cat_Maine_Coon_17.jpg,0
cat_Russian_Blue_174.jpg,0
cat_Birman_36.jpg,0
cat_Siamese_86.jpg,0
cat_Ragdoll_94.jpg,0
cat_British_Shorthair_91.jpg,0
cat_Abyssinian_169.jpg,0
cat_Bombay_136.jpg,0
cat_Sphynx_117.jpg,0
cat_British_Shorthair_100.jpg,0
cat_Egyptian_Mau_101.jpg,0
cat_British_Shorthair_8.jpg,0
cat_British_Shorthair_97.jpg,0
cat_Maine_Coon_127.jpg,0
cat_Birman_113.jpg,0
cat_Bengal_191.jpg,0
cat_Maine_Coon_106.jpg,0
cat_Maine_Coon_180.jpg,0
cat_British_Shorthair_84.jpg,0
cat_Ragdoll_114.jpg,0
cat_Siamese_198.jpg,0
cat_Bombay_39.jpg,0
cat_Siamese_20.jpg,0
cat_Sphynx_138.jpg,0
cat_Birman_92.jpg,0
cat_Sphynx_157.jpg,0
cat_Maine_Coon_195.jpg,0
cat_Birman_100.jpg,0
cat_Ragdoll_107.jpg,0
cat_Egyptian_Mau_220.jpg,0
cat_Siamese_27.jpg,0
cat_Birman_144.jpg,0
cat_Birman_99.jpg,0
cat_Siamese_96.jpg,0
cat_Bengal_24.jpg,0
cat_Russian_Blue_188.jpg,0
cat_Maine_Coon_8.jpg,0
cat_Bengal_127.jpg,0
cat_Birman_84.jpg,0
cat_Egyptian_Mau_173.jpg,0
cat_Ragdoll_182.jpg,0
cat_Russian_Blue_13.jpg,0
cat_British_Shorthair_127.jpg,0
cat_Siamese_26.jpg,0
cat_British_Shorthair_241.jpg,0
cat_Russian_Blue_28.jpg,0
cat_Ragdoll_125.jpg,0
cat_Siamese_228.jpg,0
cat_Sphynx_137.jpg,0
cat_Birman_93.jpg,0
cat_British_Shorthair_130.jpg,0
cat_British_Shorthair_58.jpg,0
cat_Bombay_117.jpg,0
cat_Abyssinian_75.jpg,0
cat_Ragdoll_64.jpg,0
cat_Abyssinian_172.jpg,0
cat_Birman_5.jpg,0
cat_Russian_Blue_147.jpg,0
cat_Ragdoll_99.jpg,0
cat_Abyssinian_160.jpg,0
cat_Bengal_62.jpg,0
cat_Bengal_85.jpg,0
cat_Birman_174.jpg,0
cat_British_Shorthair_175.jpg,0
cat_British_Shorthair_82.jpg,0
cat_Maine_Coon_47.jpg,0
cat_Russian_Blue_197.jpg,0
cat_Sphynx_199.jpg,0
cat_Ragdoll_202.jpg,0
cat_Siamese_116.jpg,0
cat_Bombay_118.jpg,0
cat_Sphynx_240.jpg,0
cat_Egyptian_Mau_192.jpg,0
cat_Russian_Blue_199.jpg,0
cat_Russian_Blue_14.jpg,0
cat_Russian_Blue_146.jpg,0
cat_Russian_Blue_207.jpg,0
cat_Egyptian_Mau_70.jpg,0
cat_Sphynx_228.jpg,0
cat_Siamese_136.jpg,0
cat_Bombay_104.jpg,0
cat_Birman_34.jpg,0
cat_Birman_57.jpg,0
cat_Maine_Coon_128.jpg,0
cat_Sphynx_1.jpg,0
cat_Maine_Coon_149.jpg,0
cat_Sphynx_139.jpg,0
cat_Sphynx_162.jpg,0
cat_Egyptian_Mau_151.jpg,0
cat_Maine_Coon_97.jpg,0
cat_Russian_Blue_68.jpg,0
cat_Maine_Coon_161.jpg,0
cat_Russian_Blue_17.jpg,0
cat_Bombay_158.jpg,0
cat_Siamese_104.jpg,0
cat_Siamese_218.jpg,0
cat_Ragdoll_164.jpg,0
cat_Sphynx_74.jpg,0
cat_Maine_Coon_61.jpg,0
cat_Siamese_130.jpg,0
cat_Bombay_80.jpg,0
cat_Maine_Coon_66.jpg,0
cat_Bombay_209.jpg,0
cat_Birman_86.jpg,0
cat_Abyssinian_89.jpg,0
cat_Bombay_18.jpg,0
cat_Abyssinian_3.jpg,0
cat_Bengal_60.jpg,0
cat_Persian_111.jpg,0
cat_Egyptian_Mau_223.jpg,0
cat_Persian_75.jpg,0
cat_Russian_Blue_106.jpg,0
cat_Ragdoll_130.jpg,0
cat_Siamese_154.jpg,0
cat_Bengal_179.jpg,0
cat_Persian_60.jpg,0
cat_Egyptian_Mau_35.jpg,0
cat_Russian_Blue_66.jpg,0
cat_Persian_21.jpg,0
cat_Russian_Blue_228.jpg,0
cat_Bengal_58.jpg,0
cat_Bombay_162.jpg,0
cat_Abyssinian_46.jpg,0
cat_Birman_128.jpg,0
cat_Sphynx_241.jpg,0
cat_British_Shorthair_170.jpg,0
cat_Ragdoll_181.jpg,0
cat_British_Shorthair_60.jpg,0
cat_Birman_65.jpg,0
cat_Sphynx_202.jpg,0
cat_Egyptian_Mau_9.jpg,0
cat_Siamese_60.jpg,0
cat_Bombay_189.jpg,0
cat_Birman_196.jpg,0
cat_Sphynx_200.jpg,0
cat_Sphynx_198.jpg,0
cat_Bengal_23.jpg,0
cat_Bombay_134.jpg,0
cat_Siamese_65.jpg,0
cat_Abyssinian_69.jpg,0
cat_Bombay_163.jpg,0
cat_Persian_47.jpg,0
cat_Bombay_120.jpg,0
cat_Bengal_80.jpg,0
cat_Bengal_126.jpg,0
cat_Maine_Coon_249.jpg,0
cat_Bombay_113.jpg,0
cat_Abyssinian_180.jpg,0
cat_Egyptian_Mau_33.jpg,0
cat_Egyptian_Mau_48.jpg,0
cat_Sphynx_190.jpg,0
cat_Abyssinian_110.jpg,0
cat_Bombay_43.jpg,0
cat_Birman_44.jpg,0
cat_Maine_Coon_139.jpg,0
cat_Persian_91.jpg,0
cat_Egyptian_Mau_96.jpg,0
cat_Birman_82.jpg,0
cat_Siamese_59.jpg,0
cat_Egyptian_Mau_215.jpg,0
cat_Siamese_168.jpg,0
cat_Russian_Blue_164.jpg,0
cat_Siamese_207.jpg,0
cat_Russian_Blue_104.jpg,0
cat_Sphynx_11.jpg,0
cat_British_Shorthair_99.jpg,0
cat_Egyptian_Mau_219.jpg,0
cat_Maine_Coon_104.jpg,0
cat_Abyssinian_92.jpg,0
cat_Persian_22.jpg,0
cat_British_Shorthair_79.jpg,0
cat_Persian_101.jpg,0
cat_Siamese_94.jpg,0
cat_Persian_59.jpg,0
cat_British_Shorthair_78.jpg,0
cat_Ragdoll_121.jpg,0
cat_Russian_Blue_183.jpg,0
cat_Maine_Coon_162.jpg,0
cat_Birman_9.jpg,0
cat_Birman_135.jpg,0
cat_Sphynx_171.jpg,0
cat_Bombay_4.jpg,0
cat_Bengal_107.jpg,0
cat_Sphynx_49.jpg,0
cat_Egyptian_Mau_189.jpg,0
cat_Ragdoll_116.jpg,0
cat_Abyssinian_7.jpg,0
cat_Abyssinian_83.jpg,0
cat_Egyptian_Mau_198.jpg,0
cat_Ragdoll_87.jpg,0
cat_Maine_Coon_80.jpg,0
cat_Maine_Coon_19.jpg,0
cat_Sphynx_243.jpg,0
cat_Russian_Blue_209.jpg,0
cat_Birman_60.jpg,0
cat_Bengal_185.jpg,0
cat_Sphynx_42.jpg,0
cat_Bombay_107.jpg,0
cat_Bombay_191.jpg,0
cat_British_Shorthair_162.jpg,0
cat_Abyssinian_128.jpg,0
cat_Siamese_183.jpg,0
cat_Siamese_32.jpg,0
cat_Egyptian_Mau_119.jpg,0
cat_Birman_147.jpg,0
cat_Russian_Blue_195.jpg,0
cat_Russian_Blue_157.jpg,0
cat_Ragdoll_185.jpg,0
cat_Sphynx_167.jpg,0
cat_British_Shorthair_145.jpg,0
cat_Abyssinian_213.jpg,0
cat_Ragdoll_13.jpg,0
cat_Maine_Coon_77.jpg,0
cat_Maine_Coon_197.jpg,0
cat_Abyssinian_71.jpg,0
cat_Abyssinian_104.jpg,0
cat_British_Shorthair_169.jpg,0
cat_Russian_Blue_34.jpg,0
cat_Persian_173.jpg,0
cat_Sphynx_144.jpg,0
cat_Russian_Blue_54.jpg,0
cat_Russian_Blue_80.jpg,0
cat_Russian_Blue_45.jpg,0
cat_Maine_Coon_169.jpg,0
cat_Birman_130.jpg,0
cat_Russian_Blue_173.jpg,0
cat_Sphynx_168.jpg,0
cat_Russian_Blue_18.jpg,0
cat_Persian_233.jpg,0
cat_Sphynx_231.jpg,0
cat_Ragdoll_259.jpg,0
cat_Ragdoll_72.jpg,0
cat_Abyssinian_84.jpg,0
cat_Birman_38.jpg,0
cat_Maine_Coon_163.jpg,0
cat_Sphynx_17.jpg,0
cat_Sphynx_59.jpg,0
cat_Abyssinian_78.jpg,0
cat_Maine_Coon_6.jpg,0
cat_Sphynx_211.jpg,0
cat_Siamese_167.jpg,0
cat_Bombay_157.jpg,0
cat_Sphynx_4.jpg,0
cat_Birman_119.jpg,0
cat_Abyssinian_143.jpg,0
cat_Birman_94.jpg,0
cat_Bombay_110.jpg,0
cat_Maine_Coon_159.jpg,0
cat_Persian_71.jpg,0
cat_Birman_107.jpg,0
cat_Siamese_160.jpg,0
cat_Maine_Coon_92.jpg,0
cat_Siamese_163.jpg,0
cat_Persian_153.jpg,0
cat_Egyptian_Mau_52.jpg,0
cat_Persian_79.jpg,0
cat_Persian_141.jpg,0
cat_Persian_137.jpg,0
cat_Ragdoll_79.jpg,0
cat_Abyssinian_12.jpg,0
cat_Birman_40.jpg,0
cat_Maine_Coon_219.jpg,0
cat_British_Shorthair_115.jpg,0
cat_Birman_24.jpg,0
cat_Ragdoll_250.jpg,0
cat_Siamese_97.jpg,0
cat_Sphynx_229.jpg,0
cat_Sphynx_201.jpg,0
cat_Bombay_101.jpg,0
cat_Bombay_21.jpg,0
cat_Siamese_52.jpg,0
cat_Birman_169.jpg,0
cat_Egyptian_Mau_93.jpg,0
cat_Bengal_18.jpg,0
cat_Siamese_199.jpg,0
cat_Bombay_208.jpg,0
cat_Sphynx_43.jpg,0
cat_Birman_66.jpg,0
cat_Bengal_168.jpg,0
cat_Bengal_25.jpg,0
cat_Bengal_14.jpg,0
cat_Russian_Blue_242.jpg,0
cat_Russian_Blue_53.jpg,0
cat_Ragdoll_162.jpg,0
cat_Siamese_110.jpg,0
cat_Siamese_173.jpg,0
cat_Egyptian_Mau_201.jpg,0
cat_Egyptian_Mau_1.jpg,0
cat_Russian_Blue_67.jpg,0
cat_Bombay_112.jpg,0
cat_Bombay_38.jpg,0
cat_Sphynx_212.jpg,0
cat_Abyssinian_118.jpg,0
cat_Egyptian_Mau_126.jpg,0
cat_Bengal_34.jpg,0
cat_Abyssinian_184.jpg,0
cat_Abyssinian_24.jpg,0
cat_Persian_38.jpg,0
cat_Bombay_75.jpg,0
cat_Siamese_30.jpg,0
cat_Ragdoll_47.jpg,0
cat_Ragdoll_84.jpg,0
cat_Birman_58.jpg,0
cat_Birman_175.jpg,0
cat_Russian_Blue_171.jpg,0
cat_Egyptian_Mau_23.jpg,0
cat_Siamese_111.jpg,0
cat_Maine_Coon_10.jpg,0
cat_Ragdoll_166.jpg,0
cat_Birman_171.jpg,0
cat_Persian_190.jpg,0
cat_Sphynx_233.jpg,0
cat_Egyptian_Mau_146.jpg,0
cat_Maine_Coon_253.jpg,0
cat_British_Shorthair_101.jpg,0
cat_Birman_75.jpg,0
cat_Abyssinian_196.jpg,0
cat_Siamese_19.jpg,0
cat_British_Shorthair_75.jpg,0
cat_Abyssinian_125.jpg,0
cat_Ragdoll_124.jpg,0
cat_Sphynx_89.jpg,0
cat_Abyssinian_113.jpg,0
cat_Maine_Coon_35.jpg,0
cat_Persian_94.jpg,0
cat_Abyssinian_230.jpg,0
cat_Abyssinian_111.jpg,0
cat_Egyptian_Mau_155.jpg,0
cat_Abyssinian_135.jpg,0
cat_British_Shorthair_66.jpg,0
cat_Ragdoll_148.jpg,0
cat_British_Shorthair_68.jpg,0
cat_Egyptian_Mau_3.jpg,0
cat_Bombay_123.jpg,0
cat_Russian_Blue_97.jpg,0
cat_Bombay_159.jpg,0
cat_Egyptian_Mau_81.jpg,0
cat_Egyptian_Mau_21.jpg,0
cat_Birman_108.jpg,0
cat_Maine_Coon_60.jpg,0
cat_British_Shorthair_92.jpg,0
cat_Bombay_206.jpg,0
cat_Birman_22.jpg,0
cat_Sphynx_239.jpg,0
cat_Ragdoll_10.jpg,0
cat_Siamese_224.jpg,0
cat_Egyptian_Mau_194.jpg,0
cat_Birman_152.jpg,0
cat_British_Shorthair_120.jpg,0
cat_Siamese_72.jpg,0
cat_Abyssinian_159.jpg,0
cat_Bombay_23.jpg,0
cat_Bombay_31.jpg,0
cat_Persian_63.jpg,0
cat_Sphynx_234.jpg,0
cat_Persian_162.jpg,0
cat_Egyptian_Mau_184.jpg,0
cat_Russian_Blue_102.jpg,0
cat_Abyssinian_212.jpg,0
cat_Maine_Coon_192.jpg,0
cat_Bombay_140.jpg,0
cat_Egyptian_Mau_224.jpg,0
cat_Bengal_71.jpg,0
cat_Sphynx_204.jpg,0
cat_Abyssinian_121.jpg,0
cat_British_Shorthair_154.jpg,0
cat_Maine_Coon_267.jpg,0
cat_Bengal_66.jpg,0
cat_Sphynx_9.jpg,0
cat_Russian_Blue_109.jpg,0
cat_Bombay_109.jpg,0
cat_Russian_Blue_69.jpg,0
cat_Abyssinian_152.jpg,0
cat_Persian_2.jpg,0
cat_Bombay_103.jpg,0
cat_Bombay_93.jpg,0
cat_Egyptian_Mau_185.jpg,0
cat_Sphynx_192.jpg,0
dog_japanese_chin_146.jpg,1
dog_boxer_186.jpg,1
dog_wheaten_terrier_169.jpg,1
dog_pomeranian_27.jpg,1
dog_german_shorthaired_58.jpg,1
dog_basset_hound_32.jpg,1
dog_miniature_pinscher_60.jpg,1
dog_chihuahua_195.jpg,1
dog_wheaten_terrier_54.jpg,1
dog_english_setter_149.jpg,1
dog_chihuahua_28.jpg,1
dog_saint_bernard_199.jpg,1
dog_chihuahua_101.jpg,1
dog_chihuahua_21.jpg,1
dog_miniature_pinscher_20.jpg,1
dog_leonberger_193.jpg,1
dog_yorkshire_terrier_33.jpg,1
dog_basset_hound_116.jpg,1
dog_basset_hound_85.jpg,1
dog_pomeranian_35.jpg,1
dog_yorkshire_terrier_23.jpg,1
dog_leonberger_197.jpg,1
dog_american_pit_bull_terrier_128.jpg,1
dog_newfoundland_168.jpg,1
dog_american_bulldog_18.jpg,1
dog_american_bulldog_137.jpg,1
dog_boxer_169.jpg,1
dog_german_shorthaired_18.jpg,1
dog_chihuahua_106.jpg,1
dog_saint_bernard_111.jpg,1
dog_samoyed_95.jpg,1
dog_english_setter_171.jpg,1
dog_scottish_terrier_98.jpg,1
dog_pomeranian_127.jpg,1
dog_pomeranian_60.jpg,1
dog_newfoundland_144.jpg,1
dog_basset_hound_140.jpg,1
dog_boxer_162.jpg,1
dog_samoyed_116.jpg,1
dog_pug_68.jpg,1
dog_boxer_133.jpg,1
dog_leonberger_34.jpg,1
dog_havanese_94.jpg,1
dog_scottish_terrier_99.jpg,1
dog_basset_hound_68.jpg,1
dog_shiba_inu_1.jpg,1
dog_wheaten_terrier_200.jpg,1
dog_shiba_inu_173.jpg,1
dog_wheaten_terrier_118.jpg,1
dog_beagle_78.jpg,1
dog_leonberger_107.jpg,1
dog_leonberger_56.jpg,1
dog_miniature_pinscher_46.jpg,1
dog_shiba_inu_101.jpg,1
dog_american_pit_bull_terrier_75.jpg,1
dog_yorkshire_terrier_200.jpg,1
dog_pomeranian_97.jpg,1
dog_samoyed_160.jpg,1
dog_staffordshire_bull_terrier_13.jpg,1
dog_leonberger_148.jpg,1
dog_yorkshire_terrier_12.jpg,1
dog_wheaten_terrier_101.jpg,1
dog_american_pit_bull_terrier_120.jpg,1
dog_newfoundland_13.jpg,1
dog_great_pyrenees_68.jpg,1
dog_american_bulldog_61.jpg,1
dog_beagle_160.jpg,1
dog_pomeranian_88.jpg,1
dog_saint_bernard_76.jpg,1
dog_beagle_166.jpg,1
dog_shiba_inu_88.jpg,1
dog_american_bulldog_221.jpg,1
dog_beagle_117.jpg,1
dog_beagle_201.jpg,1
dog_keeshond_49.jpg,1
dog_yorkshire_terrier_13.jpg,1
dog_basset_hound_79.jpg,1
dog_yorkshire_terrier_95.jpg,1
dog_shiba_inu_186.jpg,1
dog_english_cocker_spaniel_41.jpg,1
dog_chihuahua_44.jpg,1
dog_japanese_chin_112.jpg,1
dog_german_shorthaired_31.jpg,1
dog_beagle_182.jpg,1
dog_basset_hound_172.jpg,1
dog_keeshond_41.jpg,1
dog_yorkshire_terrier_141.jpg,1
dog_american_bulldog_72.jpg,1
dog_great_pyrenees_177.jpg,1
dog_beagle_89.jpg,1
dog_american_pit_bull_terrier_89.jpg,1
dog_great_pyrenees_132.jpg,1
dog_american_bulldog_147.jpg,1
dog_keeshond_79.jpg,1
dog_shiba_inu_96.jpg,1
dog_newfoundland_66.jpg,1
dog_great_pyrenees_144.jpg,1
dog_yorkshire_terrier_137.jpg,1
dog_keeshond_153.jpg,1
dog_pomeranian_13.jpg,1
dog_scottish_terrier_145.jpg,1
dog_chihuahua_127.jpg,1
dog_miniature_pinscher_128.jpg,1
dog_beagle_54.jpg,1
dog_beagle_102.jpg,1
dog_wheaten_terrier_17.jpg,1
dog_chihuahua_49.jpg,1
dog_miniature_pinscher_31.jpg,1
dog_german_shorthaired_50.jpg,1
dog_saint_bernard_37.jpg,1
dog_chihuahua_200.jpg,1
dog_english_cocker_spaniel_153.jpg,1
dog_newfoundland_133.jpg,1
dog_miniature_pinscher_184.jpg,1
dog_japanese_chin_96.jpg,1
dog_japanese_chin_33.jpg,1
dog_english_setter_185.jpg,1
dog_boxer_195.jpg,1
dog_great_pyrenees_89.jpg,1
dog_chihuahua_176.jpg,1
dog_pomeranian_188.jpg,1
dog_japanese_chin_108.jpg,1
dog_pug_128.jpg,1
dog_miniature_pinscher_149.jpg,1
dog_american_pit_bull_terrier_161.jpg,1
dog_yorkshire_terrier_159.jpg,1
dog_keeshond_30.jpg,1
dog_pomeranian_83.jpg,1
dog_english_setter_133.jpg,1
dog_wheaten_terrier_20.jpg,1
dog_english_setter_58.jpg,1
dog_wheaten_terrier_186.jpg,1
dog_samoyed_182.jpg,1
dog_newfoundland_21.jpg,1
dog_japanese_chin_98.jpg,1
dog_english_cocker_spaniel_5.jpg,1
dog_english_setter_163.jpg,1
dog_english_cocker_spaniel_169.jpg,1
dog_shiba_inu_205.jpg,1
dog_pug_202.jpg,1
dog_miniature_pinscher_156.jpg,1
dog_shiba_inu_98.jpg,1
dog_english_setter_191.jpg,1
dog_newfoundland_6.jpg,1
dog_miniature_pinscher_170.jpg,1
dog_keeshond_71.jpg,1
dog_staffordshire_bull_terrier_76.jpg,1
dog_leonberger_170.jpg,1
dog_american_bulldog_21.jpg,1
dog_basset_hound_159.jpg,1
dog_yorkshire_terrier_157.jpg,1
dog_newfoundland_77.jpg,1
dog_keeshond_95.jpg,1
dog_basset_hound_75.jpg,1
dog_miniature_pinscher_79.jpg,1
dog_leonberger_79.jpg,1
dog_great_pyrenees_13.jpg,1
dog_german_shorthaired_150.jpg,1
dog_wheaten_terrier_38.jpg,1
dog_scottish_terrier_104.jpg,1
dog_scottish_terrier_62.jpg,1
dog_english_setter_134.jpg,1
dog_yorkshire_terrier_74.jpg,1
dog_pug_40.jpg,1
dog_leonberger_46.jpg,1
dog_wheaten_terrier_122.jpg,1
dog_great_pyrenees_115.jpg,1
dog_miniature_pinscher_34.jpg,1
dog_boxer_116.jpg,1
dog_leonberger_55.jpg,1
dog_english_setter_49.jpg,1
dog_leonberger_200.jpg,1
dog_chihuahua_139.jpg,1
dog_chihuahua_119.jpg,1
dog_chihuahua_76.jpg,1
dog_basset_hound_144.jpg,1
dog_pug_74.jpg,1
dog_wheaten_terrier_86.jpg,1
dog_newfoundland_143.jpg,1
dog_havanese_165.jpg,1
dog_chihuahua_67.jpg,1
dog_basset_hound_12.jpg,1
dog_saint_bernard_163.jpg,1
dog_pug_109.jpg,1
dog_american_bulldog_55.jpg,1
dog_leonberger_70.jpg,1
dog_havanese_195.jpg,1
dog_german_shorthaired_192.jpg,1
dog_german_shorthaired_3.jpg,1
dog_beagle_161.jpg,1
dog_chihuahua_178.jpg,1
dog_newfoundland_120.jpg,1
dog_american_bulldog_123.jpg,1
dog_yorkshire_terrier_119.jpg,1
dog_pomeranian_168.jpg,1
dog_miniature_pinscher_120.jpg,1
dog_saint_bernard_139.jpg,1
dog_yorkshire_terrier_48.jpg,1
dog_chihuahua_189.jpg,1
dog_miniature_pinscher_71.jpg,1
dog_wheaten_terrier_22.jpg,1
dog_beagle_33.jpg,1
dog_chihuahua_124.jpg,1
dog_boxer_118.jpg,1
dog_pomeranian_186.jpg,1
dog_english_cocker_spaniel_145.jpg,1
dog_american_bulldog_149.jpg,1
dog_chihuahua_130.jpg,1
dog_samoyed_101.jpg,1
dog_yorkshire_terrier_113.jpg,1
dog_japanese_chin_180.jpg,1
dog_shiba_inu_102.jpg,1
dog_english_setter_97.jpg,1
dog_scottish_terrier_19.jpg,1
dog_beagle_129.jpg,1
dog_chihuahua_45.jpg,1
dog_english_setter_64.jpg,1
dog_keeshond_57.jpg,1
dog_staffordshire_bull_terrier_171.jpg,1
dog_shiba_inu_61.jpg,1
dog_havanese_154.jpg,1
dog_american_bulldog_71.jpg,1
dog_leonberger_101.jpg,1
dog_german_shorthaired_14.jpg,1
dog_japanese_chin_79.jpg,1
dog_american_bulldog_67.jpg,1
dog_german_shorthaired_121.jpg,1
dog_scottish_terrier_126.jpg,1
dog_staffordshire_bull_terrier_114.jpg,1
dog_american_pit_bull_terrier_54.jpg,1
dog_chihuahua_111.jpg,1
dog_yorkshire_terrier_81.jpg,1
dog_shiba_inu_44.jpg,1
dog_miniature_pinscher_52.jpg,1
dog_boxer_120.jpg,1
dog_german_shorthaired_104.jpg,1
dog_american_pit_bull_terrier_74.jpg,1
dog_english_cocker_spaniel_185.jpg,1
dog_saint_bernard_24.jpg,1
dog_scottish_terrier_28.jpg,1
dog_scottish_terrier_27.jpg,1
dog_japanese_chin_67.jpg,1
dog_beagle_184.jpg,1
dog_beagle_96.jpg,1
dog_basset_hound_143.jpg,1
dog_staffordshire_bull_terrier_144.jpg,1
dog_english_cocker_spaniel_81.jpg,1
dog_yorkshire_terrier_175.jpg,1
dog_american_pit_bull_terrier_177.jpg,1
dog_english_setter_132.jpg,1
dog_shiba_inu_183.jpg,1
dog_great_pyrenees_60.jpg,1
dog_german_shorthaired_47.jpg,1
dog_pomeranian_142.jpg,1
dog_yorkshire_terrier_189.jpg,1
dog_havanese_133.jpg,1
dog_saint_bernard_59.jpg,1
dog_pomeranian_109.jpg,1
dog_wheaten_terrier_29.jpg,1
dog_yorkshire_terrier_110.jpg,1
dog_yorkshire_terrier_125.jpg,1
dog_havanese_14.jpg,1
dog_german_shorthaired_149.jpg,1
dog_basset_hound_169.jpg,1
dog_scottish_terrier_155.jpg,1
dog_english_setter_52.jpg,1
dog_american_bulldog_109.jpg,1
dog_shiba_inu_7.jpg,1
dog_beagle_70.jpg,1
dog_scottish_terrier_95.jpg,1
dog_boxer_196.jpg,1
dog_scottish_terrier_59.jpg,1
dog_beagle_39.jpg,1
dog_miniature_pinscher_174.jpg,1
dog_german_shorthaired_144.jpg,1
dog_samoyed_42.jpg,1
dog_shiba_inu_51.jpg,1
dog_great_pyrenees_11.jpg,1
dog_yorkshire_terrier_149.jpg,1
dog_saint_bernard_33.jpg,1
dog_english_setter_62.jpg,1
dog_chihuahua_114.jpg,1
dog_miniature_pinscher_147.jpg,1
dog_american_bulldog_6.jpg,1
dog_newfoundland_51.jpg,1
dog_leonberger_52.jpg,1
dog_beagle_134.jpg,1
dog_german_shorthaired_6.jpg,1
dog_japanese_chin_6.jpg,1
dog_miniature_pinscher_141.jpg,1
dog_yorkshire_terrier_168.jpg,1
dog_basset_hound_122.jpg,1
dog_wheaten_terrier_152.jpg,1
dog_havanese_180.jpg,1
dog_miniature_pinscher_172.jpg,1
dog_american_pit_bull_terrier_51.jpg,1
dog_english_cocker_spaniel_190.jpg,1
dog_english_setter_188.jpg,1
dog_wheaten_terrier_16.jpg,1
dog_wheaten_terrier_136.jpg,1
dog_boxer_8.jpg,1
dog_american_pit_bull_terrier_144.jpg,1
dog_american_bulldog_101.jpg,1
dog_beagle_52.jpg,1
dog_english_setter_138.jpg,1
dog_basset_hound_20.jpg,1
dog_japanese_chin_49.jpg,1
dog_scottish_terrier_60.jpg,1
dog_great_pyrenees_23.jpg,1
dog_american_pit_bull_terrier_45.jpg,1
dog_english_cocker_spaniel_129.jpg,1
dog_great_pyrenees_173.jpg,1
dog_staffordshire_bull_terrier_132.jpg,1
dog_yorkshire_terrier_71.jpg,1
dog_pug_135.jpg,1
dog_chihuahua_60.jpg,1
dog_scottish_terrier_54.jpg,1
dog_yorkshire_terrier_99.jpg,1
dog_boxer_185.jpg,1
dog_saint_bernard_22.jpg,1
dog_american_bulldog_201.jpg,1
dog_scottish_terrier_179.jpg,1
dog_shiba_inu_99.jpg,1
dog_wheaten_terrier_104.jpg,1
dog_shiba_inu_206.jpg,1
dog_yorkshire_terrier_134.jpg,1
dog_miniature_pinscher_56.jpg,1
dog_boxer_30.jpg,1
dog_american_bulldog_164.jpg,1
dog_japanese_chin_93.jpg,1
dog_leonberger_17.jpg,1
dog_wheaten_terrier_168.jpg,1
dog_american_pit_bull_terrier_151.jpg,1
dog_english_cocker_spaniel_59.jpg,1
dog_japanese_chin_94.jpg,1
dog_beagle_17.jpg,1
dog_staffordshire_bull_terrier_53.jpg,1
dog_german_shorthaired_51.jpg,1
dog_pomeranian_23.jpg,1
dog_english_setter_110.jpg,1
dog_american_bulldog_98.jpg,1
dog_american_bulldog_167.jpg,1
dog_chihuahua_51.jpg,1
dog_american_bulldog_127.jpg,1
dog_american_pit_bull_terrier_186.jpg,1
dog_shiba_inu_109.jpg,1
dog_pug_165.jpg,1
dog_basset_hound_91.jpg,1
dog_english_setter_83.jpg,1
dog_saint_bernard_185.jpg,1
dog_pug_106.jpg,1
dog_boxer_46.jpg,1
dog_chihuahua_122.jpg,1
dog_english_setter_141.jpg,1
dog_saint_bernard_144.jpg,1
dog_samoyed_166.jpg,1
dog_boxer_139.jpg,1
dog_samoyed_83.jpg,1
dog_yorkshire_terrier_170.jpg,1
dog_chihuahua_17.jpg,1
dog_pug_87.jpg,1
dog_newfoundland_42.jpg,1
dog_shiba_inu_127.jpg,1
dog_staffordshire_bull_terrier_28.jpg,1
dog_basset_hound_56.jpg,1
dog_great_pyrenees_34.jpg,1
dog_english_setter_109.jpg,1
dog_staffordshire_bull_terrier_200.jpg,1
dog_samoyed_5.jpg,1
dog_english_cocker_spaniel_90.jpg,1
dog_great_pyrenees_8.jpg,1
dog_staffordshire_bull_terrier_19.jpg,1
dog_chihuahua_3.jpg,1
dog_basset_hound_154.jpg,1
dog_shiba_inu_202.jpg,1
dog_saint_bernard_142.jpg,1
dog_saint_bernard_29.jpg,1
dog_saint_bernard_89.jpg,1
dog_shiba_inu_91.jpg,1
dog_japanese_chin_45.jpg,1
dog_german_shorthaired_61.jpg,1
dog_staffordshire_bull_terrier_134.jpg,1
dog_yorkshire_terrier_44.jpg,1
dog_shiba_inu_105.jpg,1
dog_wheaten_terrier_88.jpg,1
dog_german_shorthaired_112.jpg,1
dog_newfoundland_167.jpg,1
dog_german_shorthaired_119.jpg,1
dog_basset_hound_61.jpg,1
dog_scottish_terrier_184.jpg,1
dog_saint_bernard_157.jpg,1
dog_chihuahua_152.jpg,1
dog_beagle_95.jpg,1
dog_newfoundland_189.jpg,1
dog_shiba_inu_65.jpg,1
dog_wheaten_terrier_177.jpg,1
dog_pug_93.jpg,1
dog_miniature_pinscher_6.jpg,1
dog_chihuahua_138.jpg,1
dog_wheaten_terrier_166.jpg,1
dog_scottish_terrier_50.jpg,1
dog_staffordshire_bull_terrier_152.jpg,1
dog_staffordshire_bull_terrier_183.jpg,1
dog_american_bulldog_68.jpg,1
dog_scottish_terrier_94.jpg,1
dog_beagle_115.jpg,1
dog_yorkshire_terrier_8.jpg,1
dog_american_pit_bull_terrier_44.jpg,1
dog_beagle_86.jpg,1
dog_havanese_191.jpg,1
dog_wheaten_terrier_117.jpg,1
dog_japanese_chin_175.jpg,1
dog_american_bulldog_122.jpg,1
dog_saint_bernard_126.jpg,1
dog_chihuahua_56.jpg,1
dog_beagle_114.jpg,1
dog_english_setter_22.jpg,1
dog_pug_38.jpg,1
dog_scottish_terrier_23.jpg,1
dog_beagle_145.jpg,1
dog_american_pit_bull_terrier_195.jpg,1
dog_english_cocker_spaniel_104.jpg,1
dog_german_shorthaired_5.jpg,1
dog_newfoundland_193.jpg,1
dog_samoyed_32.jpg,1
dog_chihuahua_156.jpg,1
dog_havanese_151.jpg,1
dog_keeshond_19.jpg,1
dog_american_bulldog_124.jpg,1
dog_pomeranian_51.jpg,1
dog_havanese_75.jpg,1
dog_wheaten_terrier_35.jpg,1
dog_beagle_138.jpg,1
dog_english_setter_68.jpg,1
dog_saint_bernard_94.jpg,1
dog_basset_hound_112.jpg,1
dog_pomeranian_110.jpg,1
dog_beagle_4.jpg,1
dog_wheaten_terrier_61.jpg,1
dog_miniature_pinscher_39.jpg,1
dog_keeshond_128.jpg,1
dog_english_setter_71.jpg,1
dog_leonberger_196.jpg,1
dog_miniature_pinscher_109.jpg,1
dog_boxer_182.jpg,1
dog_japanese_chin_20.jpg,1
dog_newfoundland_83.jpg,1
dog_staffordshire_bull_terrier_91.jpg,1
dog_samoyed_146.jpg,1
dog_pomeranian_75.jpg,1
dog_shiba_inu_97.jpg,1
dog_english_cocker_spaniel_56.jpg,1
dog_english_cocker_spaniel_114.jpg,1
dog_wheaten_terrier_111.jpg,1
dog_miniature_pinscher_152.jpg,1
dog_american_pit_bull_terrier_56.jpg,1
dog_pomeranian_33.jpg,1
dog_wheaten_terrier_41.jpg,1
dog_american_pit_bull_terrier_147.jpg,1
dog_saint_bernard_189.jpg,1
dog_beagle_193.jpg,1
dog_american_pit_bull_terrier_31.jpg,1
dog_american_pit_bull_terrier_142.jpg,1
dog_basset_hound_104.jpg,1
dog_pomeranian_126.jpg,1
dog_staffordshire_bull_terrier_75.jpg,1
dog_boxer_193.jpg,1
dog_english_cocker_spaniel_126.jpg,1
dog_chihuahua_22.jpg,1
dog_samoyed_70.jpg,1
dog_leonberger_96.jpg,1
dog_english_cocker_spaniel_97.jpg,1
dog_staffordshire_bull_terrier_34.jpg,1
dog_pug_9.jpg,1
dog_staffordshire_bull_terrier_124.jpg,1
dog_wheaten_terrier_99.jpg,1
dog_boxer_72.jpg,1
dog_havanese_119.jpg,1
dog_miniature_pinscher_33.jpg,1
dog_basset_hound_114.jpg,1
dog_saint_bernard_180.jpg,1
dog_staffordshire_bull_terrier_125.jpg,1
dog_pug_35.jpg,1
dog_wheaten_terrier_174.jpg,1
dog_newfoundland_9.jpg,1
dog_english_cocker_spaniel_189.jpg,1
dog_american_bulldog_207.jpg,1
dog_wheaten_terrier_31.jpg,1
dog_english_setter_93.jpg,1
dog_newfoundland_46.jpg,1
dog_samoyed_157.jpg,1
dog_english_cocker_spaniel_99.jpg,1
dog_german_shorthaired_126.jpg,1
dog_samoyed_173.jpg,1
dog_saint_bernard_38.jpg,1
dog_shiba_inu_195.jpg,1
dog_samoyed_137.jpg,1
dog_yorkshire_terrier_114.jpg,1
dog_samoyed_198.jpg,1
dog_newfoundland_12.jpg,1
dog_pug_41.jpg,1
dog_american_pit_bull_terrier_72.jpg,1
dog_miniature_pinscher_4.jpg,1
dog_pug_27.jpg,1
dog_staffordshire_bull_terrier_83.jpg,1
dog_japanese_chin_68.jpg,1
dog_wheaten_terrier_32.jpg,1
dog_pomeranian_194.jpg,1
dog_american_pit_bull_terrier_28.jpg,1
dog_boxer_172.jpg,1
dog_pomeranian_10.jpg,1
dog_american_bulldog_40.jpg,1
dog_miniature_pinscher_72.jpg,1
dog_german_shorthaired_138.jpg,1
dog_beagle_92.jpg,1
dog_english_setter_4.jpg,1
dog_american_pit_bull_terrier_76.jpg,1
dog_basset_hound_149.jpg,1
dog_great_pyrenees_155.jpg,1
dog_german_shorthaired_55.jpg,1
dog_newfoundland_45.jpg,1
dog_leonberger_30.jpg,1
dog_boxer_121.jpg,1
dog_shiba_inu_163.jpg,1
dog_scottish_terrier_150.jpg,1
dog_american_bulldog_97.jpg,1
dog_german_shorthaired_140.jpg,1
dog_english_cocker_spaniel_42.jpg,1
dog_american_pit_bull_terrier_68.jpg,1
dog_leonberger_94.jpg,1
dog_havanese_138.jpg,1
dog_english_cocker_spaniel_65.jpg,1
dog_german_shorthaired_60.jpg,1
dog_miniature_pinscher_43.jpg,1
dog_newfoundland_90.jpg,1
dog_boxer_125.jpg,1
dog_american_pit_bull_terrier_24.jpg,1
dog_english_setter_123.jpg,1
dog_chihuahua_175.jpg,1
dog_pomeranian_77.jpg,1
dog_boxer_79.jpg,1
dog_shiba_inu_133.jpg,1
dog_wheaten_terrier_46.jpg,1
dog_chihuahua_154.jpg,1
dog_wheaten_terrier_196.jpg,1
dog_japanese_chin_176.jpg,1
dog_chihuahua_83.jpg,1
dog_english_setter_73.jpg,1
dog_pug_36.jpg,1
dog_english_setter_87.jpg,1
dog_staffordshire_bull_terrier_99.jpg,1
dog_basset_hound_162.jpg,1
dog_chihuahua_109.jpg,1
dog_pomeranian_107.jpg,1
dog_saint_bernard_150.jpg,1
dog_scottish_terrier_168.jpg,1
dog_miniature_pinscher_80.jpg,1
dog_english_cocker_spaniel_49.jpg,1
dog_wheaten_terrier_70.jpg,1
dog_keeshond_159.jpg,1
dog_japanese_chin_178.jpg,1
dog_english_cocker_spaniel_175.jpg,1
dog_saint_bernard_62.jpg,1
dog_basset_hound_178.jpg,1
dog_beagle_185.jpg,1
dog_staffordshire_bull_terrier_127.jpg,1
dog_american_bulldog_205.jpg,1
dog_scottish_terrier_108.jpg,1
dog_scottish_terrier_65.jpg,1
dog_leonberger_80.jpg,1
dog_samoyed_113.jpg,1
dog_miniature_pinscher_121.jpg,1
dog_basset_hound_24.jpg,1
dog_staffordshire_bull_terrier_108.jpg,1
dog_german_shorthaired_95.jpg,1
dog_leonberger_93.jpg,1
dog_staffordshire_bull_terrier_62.jpg,1
dog_wheaten_terrier_13.jpg,1
dog_miniature_pinscher_7.jpg,1
dog_english_setter_180.jpg,1
dog_boxer_175.jpg,1
dog_pug_37.jpg,1
dog_german_shorthaired_172.jpg,1
dog_shiba_inu_135.jpg,1
dog_staffordshire_bull_terrier_154.jpg,1
dog_miniature_pinscher_38.jpg,1
dog_wheaten_terrier_197.jpg,1
dog_saint_bernard_19.jpg,1
dog_american_pit_bull_terrier_87.jpg,1
dog_basset_hound_83.jpg,1
dog_saint_bernard_119.jpg,1
dog_japanese_chin_194.jpg,1
dog_pug_33.jpg,1
dog_newfoundland_91.jpg,1
dog_english_cocker_spaniel_110.jpg,1
dog_chihuahua_162.jpg,1
dog_yorkshire_terrier_171.jpg,1
dog_chihuahua_99.jpg,1
dog_english_setter_139.jpg,1
dog_english_setter_168.jpg,1
dog_havanese_143.jpg,1
dog_american_pit_bull_terrier_5.jpg,1
dog_boxer_106.jpg,1
dog_german_shorthaired_146.jpg,1
dog_scottish_terrier_78.jpg,1
dog_newfoundland_59.jpg,1
dog_german_shorthaired_80.jpg,1
dog_yorkshire_terrier_186.jpg,1
dog_saint_bernard_182.jpg,1
dog_pomeranian_114.jpg,1
dog_japanese_chin_117.jpg,1
dog_samoyed_170.jpg,1
dog_wheaten_terrier_150.jpg,1
dog_boxer_76.jpg,1
dog_staffordshire_bull_terrier_84.jpg,1
dog_miniature_pinscher_195.jpg,1
dog_shiba_inu_14.jpg,1
dog_wheaten_terrier_43.jpg,1
dog_english_cocker_spaniel_184.jpg,1
dog_great_pyrenees_188.jpg,1
dog_miniature_pinscher_62.jpg,1
dog_basset_hound_84.jpg,1
dog_japanese_chin_60.jpg,1
dog_german_shorthaired_100.jpg,1
dog_yorkshire_terrier_32.jpg,1
dog_miniature_pinscher_122.jpg,1
dog_american_bulldog_51.jpg,1
dog_wheaten_terrier_128.jpg,1
dog_miniature_pinscher_98.jpg,1
dog_miniature_pinscher_97.jpg,1
dog_wheaten_terrier_34.jpg,1
dog_staffordshire_bull_terrier_77.jpg,1
dog_pug_90.jpg,1
dog_keeshond_43.jpg,1
dog_shiba_inu_126.jpg,1
dog_german_shorthaired_79.jpg,1
dog_basset_hound_107.jpg,1
dog_scottish_terrier_103.jpg,1
dog_boxer_123.jpg,1
dog_saint_bernard_129.jpg,1
dog_samoyed_115.jpg,1
dog_basset_hound_193.jpg,1
dog_scottish_terrier_193.jpg,1
dog_staffordshire_bull_terrier_14.jpg,1
dog_american_bulldog_91.jpg,1
dog_samoyed_162.jpg,1
dog_saint_bernard_200.jpg,1
dog_leonberger_59.jpg,1
dog_scottish_terrier_63.jpg,1
dog_boxer_56.jpg,1
dog_newfoundland_29.jpg,1
dog_pomeranian_34.jpg,1
dog_saint_bernard_175.jpg,1
dog_beagle_79.jpg,1
dog_wheaten_terrier_77.jpg,1
dog_pug_184.jpg,1
dog_boxer_145.jpg,1
dog_saint_bernard_110.jpg,1
dog_pug_195.jpg,1
dog_german_shorthaired_92.jpg,1
dog_pomeranian_80.jpg,1
dog_samoyed_190.jpg,1
dog_pomeranian_131.jpg,1
dog_german_shorthaired_180.jpg,1
dog_newfoundland_169.jpg,1
dog_boxer_42.jpg,1
dog_miniature_pinscher_29.jpg,1
dog_boxer_160.jpg,1
dog_english_setter_25.jpg,1
dog_boxer_128.jpg,1
dog_scottish_terrier_162.jpg,1
dog_pomeranian_106.jpg,1
dog_english_cocker_spaniel_142.jpg,1
dog_english_cocker_spaniel_165.jpg,1
dog_english_setter_124.jpg,1
dog_keeshond_136.jpg,1
dog_english_setter_160.jpg,1
dog_german_shorthaired_116.jpg,1
dog_english_cocker_spaniel_156.jpg,1
dog_staffordshire_bull_terrier_181.jpg,1
dog_german_shorthaired_59.jpg,1
dog_keeshond_44.jpg,1
dog_german_shorthaired_57.jpg,1
dog_keeshond_59.jpg,1
dog_leonberger_5.jpg,1
dog_great_pyrenees_141.jpg,1
dog_pomeranian_91.jpg,1
dog_staffordshire_bull_terrier_3.jpg,1
dog_american_pit_bull_terrier_40.jpg,1
dog_boxer_13.jpg,1
dog_beagle_202.jpg,1
dog_newfoundland_62.jpg,1
dog_scottish_terrier_68.jpg,1
dog_english_cocker_spaniel_164.jpg,1
dog_shiba_inu_130.jpg,1
dog_shiba_inu_118.jpg,1
dog_american_pit_bull_terrier_48.jpg,1
dog_saint_bernard_43.jpg,1
dog_staffordshire_bull_terrier_6.jpg,1
dog_english_cocker_spaniel_61.jpg,1
dog_english_cocker_spaniel_46.jpg,1
dog_beagle_190.jpg,1
dog_samoyed_71.jpg,1
dog_boxer_122.jpg,1
dog_american_pit_bull_terrier_139.jpg,1
dog_wheaten_terrier_113.jpg,1
dog_pomeranian_65.jpg,1
dog_scottish_terrier_38.jpg,1
dog_great_pyrenees_62.jpg,1
dog_american_pit_bull_terrier_204.jpg,1
dog_beagle_87.jpg,1
dog_staffordshire_bull_terrier_118.jpg,1
dog_chihuahua_166.jpg,1
dog_english_cocker_spaniel_100.jpg,1
dog_great_pyrenees_154.jpg,1
dog_beagle_147.jpg,1
dog_german_shorthaired_176.jpg,1
dog_chihuahua_123.jpg,1
dog_english_setter_37.jpg,1
dog_great_pyrenees_187.jpg,1
dog_german_shorthaired_56.jpg,1
dog_staffordshire_bull_terrier_119.jpg,1
dog_basset_hound_103.jpg,1
dog_german_shorthaired_148.jpg,1
dog_miniature_pinscher_93.jpg,1
dog_pug_117.jpg,1
dog_japanese_chin_153.jpg,1
dog_chihuahua_82.jpg,1
dog_beagle_170.jpg,1
dog_great_pyrenees_170.jpg,1
dog_shiba_inu_144.jpg,1
dog_saint_bernard_14.jpg,1
dog_beagle_137.jpg,1
dog_shiba_inu_25.jpg,1
dog_basset_hound_77.jpg,1
dog_beagle_94.jpg,1
dog_shiba_inu_137.jpg,1
dog_shiba_inu_10.jpg,1
dog_beagle_63.jpg,1
dog_chihuahua_116.jpg,1
dog_yorkshire_terrier_103.jpg,1
dog_keeshond_187.jpg,1
dog_saint_bernard_30.jpg,1
dog_great_pyrenees_127.jpg,1
dog_wheaten_terrier_95.jpg,1
dog_scottish_terrier_32.jpg,1
dog_beagle_64.jpg,1
dog_beagle_91.jpg,1
dog_boxer_41.jpg,1
dog_staffordshire_bull_terrier_80.jpg,1
dog_beagle_72.jpg,1
dog_saint_bernard_186.jpg,1
dog_staffordshire_bull_terrier_49.jpg,1
dog_shiba_inu_45.jpg,1
dog_japanese_chin_40.jpg,1
dog_beagle_119.jpg,1
dog_leonberger_129.jpg,1
dog_basset_hound_186.jpg,1
dog_boxer_165.jpg,1
dog_scottish_terrier_55.jpg,1
dog_chihuahua_58.jpg,1
dog_pomeranian_143.jpg,1
dog_basset_hound_76.jpg,1
dog_leonberger_4.jpg,1
dog_havanese_134.jpg,1
dog_scottish_terrier_188.jpg,1
dog_american_bulldog_178.jpg,1
dog_scottish_terrier_11.jpg,1
dog_keeshond_66.jpg,1
dog_great_pyrenees_38.jpg,1
dog_samoyed_184.jpg,1
dog_german_shorthaired_122.jpg,1
dog_samoyed_192.jpg,1
dog_staffordshire_bull_terrier_180.jpg,1
dog_shiba_inu_189.jpg,1
dog_german_shorthaired_200.jpg,1
dog_leonberger_138.jpg,1
dog_scottish_terrier_151.jpg,1
dog_wheaten_terrier_156.jpg,1
dog_samoyed_175.jpg,1
dog_keeshond_165.jpg,1
dog_staffordshire_bull_terrier_179.jpg,1
dog_english_setter_161.jpg,1
dog_japanese_chin_89.jpg,1
dog_chihuahua_1.jpg,1
dog_yorkshire_terrier_77.jpg,1
dog_keeshond_154.jpg,1
dog_basset_hound_60.jpg,1
dog_boxer_35.jpg,1
dog_chihuahua_26.jpg,1
dog_boxer_163.jpg,1
dog_great_pyrenees_126.jpg,1
dog_shiba_inu_117.jpg,1
dog_samoyed_118.jpg,1
dog_boxer_124.jpg,1
dog_shiba_inu_155.jpg,1
dog_american_pit_bull_terrier_30.jpg,1
dog_havanese_121.jpg,1
dog_havanese_136.jpg,1
dog_japanese_chin_35.jpg,1
dog_shiba_inu_113.jpg,1
dog_american_pit_bull_terrier_135.jpg,1
dog_pomeranian_149.jpg,1
dog_samoyed_135.jpg,1
dog_shiba_inu_87.jpg,1
dog_havanese_173.jpg,1
dog_miniature_pinscher_154.jpg,1
dog_keeshond_21.jpg,1
dog_miniature_pinscher_28.jpg,1
dog_staffordshire_bull_terrier_65.jpg,1
dog_staffordshire_bull_terrier_135.jpg,1
dog_american_bulldog_191.jpg,1
dog_pug_80.jpg,1
dog_leonberger_33.jpg,1
dog_wheaten_terrier_6.jpg,1
dog_chihuahua_53.jpg,1
dog_english_setter_106.jpg,1
dog_staffordshire_bull_terrier_17.jpg,1
dog_boxer_86.jpg,1
dog_beagle_175.jpg,1
dog_german_shorthaired_187.jpg,1
dog_staffordshire_bull_terrier_129.jpg,1
dog_shiba_inu_136.jpg,1
dog_chihuahua_74.jpg,1
dog_boxer_200.jpg,1
dog_american_bulldog_176.jpg,1
dog_shiba_inu_84.jpg,1
dog_beagle_167.jpg,1
dog_chihuahua_146.jpg,1
dog_wheaten_terrier_188.jpg,1
dog_basset_hound_49.jpg,1
dog_basset_hound_138.jpg,1
dog_scottish_terrier_92.jpg,1
dog_basset_hound_69.jpg,1
dog_miniature_pinscher_166.jpg,1
dog_pug_174.jpg,1
dog_saint_bernard_5.jpg,1
dog_english_cocker_spaniel_196.jpg,1
dog_beagle_203.jpg,1
dog_shiba_inu_58.jpg,1
dog_beagle_88.jpg,1
dog_english_cocker_spaniel_72.jpg,1
dog_leonberger_175.jpg,1
dog_newfoundland_165.jpg,1
dog_japanese_chin_126.jpg,1
dog_boxer_164.jpg,1
dog_wheaten_terrier_137.jpg,1
dog_keeshond_176.jpg,1
dog_staffordshire_bull_terrier_35.jpg,1
dog_keeshond_20.jpg,1
dog_leonberger_38.jpg,1
dog_beagle_162.jpg,1
dog_havanese_106.jpg,1
dog_samoyed_143.jpg,1
dog_german_shorthaired_133.jpg,1
dog_german_shorthaired_184.jpg,1
dog_yorkshire_terrier_64.jpg,1
dog_miniature_pinscher_16.jpg,1
dog_american_pit_bull_terrier_35.jpg,1
dog_basset_hound_62.jpg,1
dog_japanese_chin_85.jpg,1
dog_chihuahua_66.jpg,1
dog_beagle_173.jpg,1
dog_miniature_pinscher_130.jpg,1
dog_english_setter_162.jpg,1
dog_saint_bernard_36.jpg,1
dog_shiba_inu_4.jpg,1
dog_beagle_25.jpg,1
dog_american_bulldog_28.jpg,1
dog_saint_bernard_67.jpg,1
dog_chihuahua_153.jpg,1
dog_pomeranian_64.jpg,1
dog_japanese_chin_193.jpg,1
dog_samoyed_76.jpg,1
dog_great_pyrenees_63.jpg,1
dog_keeshond_156.jpg,1
dog_shiba_inu_115.jpg,1
dog_chihuahua_34.jpg,1
dog_havanese_96.jpg,1
dog_beagle_30.jpg,1
dog_pug_70.jpg,1
dog_basset_hound_106.jpg,1
dog_yorkshire_terrier_7.jpg,1
dog_miniature_pinscher_76.jpg,1
dog_leonberger_73.jpg,1
dog_shiba_inu_75.jpg,1
dog_miniature_pinscher_81.jpg,1
dog_american_pit_bull_terrier_188.jpg,1
dog_german_shorthaired_135.jpg,1
dog_havanese_144.jpg,1
dog_miniature_pinscher_88.jpg,1
dog_german_shorthaired_123.jpg,1
dog_chihuahua_87.jpg,1
dog_scottish_terrier_10.jpg,1
dog_great_pyrenees_196.jpg,1
dog_wheaten_terrier_56.jpg,1
dog_japanese_chin_114.jpg,1
dog_yorkshire_terrier_133.jpg,1
dog_chihuahua_64.jpg,1
dog_pug_105.jpg,1
dog_german_shorthaired_54.jpg,1
dog_yorkshire_terrier_97.jpg,1
dog_yorkshire_terrier_191.jpg,1
dog_scottish_terrier_194.jpg,1
dog_staffordshire_bull_terrier_26.jpg,1
dog_shiba_inu_13.jpg,1
dog_english_cocker_spaniel_147.jpg,1
dog_american_pit_bull_terrier_94.jpg,1
dog_wheaten_terrier_192.jpg,1
dog_samoyed_23.jpg,1
dog_beagle_174.jpg,1
dog_staffordshire_bull_terrier_126.jpg,1
dog_yorkshire_terrier_132.jpg,1
dog_leonberger_184.jpg,1
dog_wheaten_terrier_105.jpg,1
dog_boxer_142.jpg,1
dog_staffordshire_bull_terrier_199.jpg,1
dog_great_pyrenees_44.jpg,1
dog_beagle_192.jpg,1
dog_havanese_90.jpg,1
dog_american_bulldog_186.jpg,1
dog_keeshond_86.jpg,1
dog_basset_hound_99.jpg,1
dog_scottish_terrier_49.jpg,1
dog_yorkshire_terrier_84.jpg,1
dog_german_shorthaired_127.jpg,1
dog_basset_hound_111.jpg,1
dog_beagle_24.jpg,1
dog_beagle_125.jpg,1
dog_english_cocker_spaniel_191.jpg,1
dog_american_pit_bull_terrier_21.jpg,1
dog_saint_bernard_96.jpg,1
dog_leonberger_21.jpg,1
dog_miniature_pinscher_159.jpg,1
dog_german_shorthaired_40.jpg,1
dog_leonberger_15.jpg,1
dog_leonberger_7.jpg,1
dog_saint_bernard_64.jpg,1
dog_newfoundland_52.jpg,1
dog_saint_bernard_16.jpg,1
dog_chihuahua_91.jpg,1
dog_wheaten_terrier_19.jpg,1
dog_german_shorthaired_1.jpg,1
dog_basset_hound_126.jpg,1
dog_basset_hound_136.jpg,1
dog_american_pit_bull_terrier_88.jpg,1
dog_havanese_22.jpg,1
dog_yorkshire_terrier_111.jpg,1
dog_boxer_112.jpg,1
dog_pug_18.jpg,1
dog_staffordshire_bull_terrier_48.jpg,1
dog_leonberger_42.jpg,1
dog_wheaten_terrier_139.jpg,1
dog_american_pit_bull_terrier_91.jpg,1
dog_staffordshire_bull_terrier_106.jpg,1
dog_leonberger_98.jpg,1
dog_american_bulldog_5.jpg,1
dog_samoyed_138.jpg,1
dog_wheaten_terrier_133.jpg,1
dog_beagle_154.jpg,1
dog_staffordshire_bull_terrier_30.jpg,1
dog_miniature_pinscher_124.jpg,1
dog_german_shorthaired_91.jpg,1
dog_pug_201.jpg,1
dog_saint_bernard_7.jpg,1
dog_german_shorthaired_76.jpg,1
dog_english_setter_119.jpg,1
dog_saint_bernard_134.jpg,1
dog_shiba_inu_129.jpg,1
dog_miniature_pinscher_112.jpg,1
dog_japanese_chin_32.jpg,1
dog_basset_hound_173.jpg,1
dog_german_shorthaired_16.jpg,1
dog_boxer_183.jpg,1
dog_american_bulldog_27.jpg,1
dog_beagle_60.jpg,1
dog_english_cocker_spaniel_4.jpg,1
dog_staffordshire_bull_terrier_29.jpg,1
dog_shiba_inu_28.jpg,1
dog_pomeranian_102.jpg,1
dog_english_setter_159.jpg,1
dog_american_pit_bull_terrier_108.jpg,1
dog_pug_176.jpg,1
dog_saint_bernard_146.jpg,1
dog_shiba_inu_114.jpg,1
dog_boxer_18.jpg,1
dog_leonberger_60.jpg,1
dog_wheaten_terrier_51.jpg,1
dog_miniature_pinscher_104.jpg,1
dog_boxer_117.jpg,1
dog_saint_bernard_65.jpg,1
dog_english_setter_194.jpg,1
dog_newfoundland_30.jpg,1
dog_great_pyrenees_12.jpg,1
dog_boxer_154.jpg,1
dog_american_pit_bull_terrier_53.jpg,1
dog_chihuahua_90.jpg,1
dog_english_cocker_spaniel_134.jpg,1
dog_newfoundland_5.jpg,1
dog_english_setter_170.jpg,1
